1, Google.com
2, Youtube.com
3, Facebook.com
4, Baidu.com
5, Yahoo.com
6, Amazon.com
7, Wikipedia.org
8, Twitter.com
9, Google.co.in
10, Qq.com
11, Live.com
12, Taobao.com
13, Bing.com
14, Google.co.jp
15, Linkedin.com
16, Msn.com
17, Instagram.com
18, Yahoo.co.jp
19, Sina.com.cn
20, Weibo.com
21, Vk.com
22, Google.de
23, Yandex.ru
24, Hao123.com
25, Google.ru
26, Reddit.com
27, Ebay.com
28, Gmw.cn
29, Google.co.uk
30, T.co
31, Google.com.br
32, Pinterest.com
33, Google.fr
34, Mail.ru
35, Netflix.com
36, Amazon.co.jp
37, 360.cn
38, Tmall.com
39, Google.it
40, Onclickads.net
41, Chinadaily.com.cn
42, Microsoft.com
43, Paypal.com
44, Google.es
45, Sohu.com
46, Wordpress.com
47, Tumblr.com
48, Imgur.com
49, Blogspot.com
50, Stackoverflow.com
51, Xvideos.com
52, Naver.com
53, Google.com.mx
54, Github.com
55, Apple.com
56, Aliexpress.com
57, Google.ca
58, Imdb.com
59, Google.co.kr
60, Fc2.com
61, Google.com.hk
62, Whatsapp.com
63, Pornhub.com
64, Ok.ru
65, Amazon.de
66, Google.com.tr
67, Diply.com
68, Tianya.cn
69, Blogger.com
70, Craigslist.org
71, Soso.com
72, Kat.cr
73, Amazon.in
74, Office.com
75, Rakuten.co.jp
76, Google.co.id
77, Jd.com
78, Google.pl
79, Xinhuanet.com
80, Cntv.cn
81, Alibaba.com
82, Nicovideo.jp
83, Pixnet.net
84, Dropbox.com
85, Xhamster.com
86, Google.com.au
87, Amazon.co.uk
88, Booking.com
89, Google.com.tw
90, Cnn.com
91, Go.com
92, Googleusercontent.com
93, Youth.cn
94, Outbrain.com
95, Bbc.co.uk
96, 360.com
97, Popads.net
98, Quora.com
99, Haosou.com
100, Coccoc.com
101, Ask.com
102, Wikia.com
103, Twitch.tv
104, Microsoftonline.com
105, Adobe.com
106, Chase.com
107, Bbc.com
108, Google.co.th
109, Google.com.eg
110, Google.com.pk
111, Google.com.ar
112, Youku.com
113, Bongacams.com
114, Google.com.sa
115, Flipkart.com
116, Google.nl
117, Nytimes.com
118, Adf.ly
119, Ettoday.net
120, Txxx.com
121, China.com
122, Salesforce.com
123, Alipay.com
124, China.com.cn
125, Sogou.com
126, Livedoor.jp
127, Daum.net
128, Ebay.co.uk
129, Espn.go.com
130, Indiatimes.com
131, 163.com
132, Godaddy.com
133, Bankofamerica.com
134, Dailymail.co.uk
135, Xnxx.com
136, Walmart.com
137, Ebay.de
138, Myway.com
139, Amazon.cn
140, Theguardian.com
141, Bilibili.com
142, Buzzfeed.com
143, Zillow.com
144, Dailymotion.com
145, Wellsfargo.com
146, Steampowered.com
147, Amazonaws.com
148, Steamcommunity.com
149, Indeed.com
150, Tudou.com
151, Google.co.ve
152, Cnzz.com
153, Google.co.za
154, Globo.com
155, Soundcloud.com
156, Etsy.com
157, Yelp.com
158, Google.com.ua
159, Huffingtonpost.com
160, Ameblo.jp
161, Detail.tmall.com
162, Aol.com
163, Terraclicks.com
164, Stackexchange.com
165, Zhihu.com
166, Force.com
167, Tripadvisor.com
168, Cnet.com
169, Uol.com.br
170, Google.gr
171, Directrev.com
172, Vimeo.com
173, Uptodown.com
174, Avito.ru
175, So.com
176, Onlinesbi.com
177, Mediafire.com
178, Isanalyze.com
179, Washingtonpost.com
180, Feedly.com
181, Weather.com
182, Goo.ne.jp
183, Google.com.co
184, Naver.jp
185, Taboola.com
186, Vice.com
187, Google.com.ng
188, Google.com.vn
189, Amazon.it
190, Varzesh3.com
191, 9gag.com
192, Fbcdn.net
193, Redtube.com
194, Gfycat.com
195, Dmm.co.jp
196, Nametests.com
197, Google.ro
198, Bet365.com
199, Amazon.fr
200, Torrentz.eu
201, Slideshare.net
202, Google.be
203, Flickr.com
204, Foxnews.com
205, Tuberel.com
206, Hclips.com
207, Google.com.pe
208, Detik.com
209, Homedepot.com
210, Ikea.com
211, Blogspot.in
212, 51.la
213, Udn.com
214, Google.com.ph
215, Taringa.net
216, W3schools.com
217, Bp.blogspot.com
218, Youm7.com
219, Theladbible.com
220, Mega.nz
221, Target.com
222, Forbes.com
223, Kakaku.com
224, Babytree.com
225, Adnetworkperformance.com
226, Google.com.sg
227, Pixiv.net
228, Deviantart.com
229, Iqiyi.com
230, Putlocker.is
231, Tistory.com
232, Americanexpress.com
233, Trello.com
234, Youporn.com
235, Zol.com.cn
236, Wordpress.org
237, Ifeng.com
238, Github.io
239, Spotify.com
240, Google.se
241, Web.de
242, Nih.gov
243, Orange.fr
244, Comcast.net
245, Hdfcbank.com
246, Wix.com
247, Mozilla.org
248, Google.cn
249, Handycafe.com
250, Livejournal.com
251, Capitalone.com
252, Wikihow.com
253, Roblox.com
254, Gmx.net
255, Google.at
256, Skype.com
257, Leboncoin.fr
258, Slack.com
259, Xywy.com
260, Twimg.com
261, Upornia.com
262, Onet.pl
263, Snapdeal.com
264, Telegraph.co.uk
265, Allegro.pl
266, Ozock.com
267, Huanqiu.com
268, Bestbuy.com
269, Tribunnews.com
270, Blastingnews.com
271, Paytm.com
272, Popcash.net
273, Bitauto.com
274, Shutterstock.com
275, Google.dz
276, Wikimedia.org
277, Thepiratebay.org
278, Groupon.com
279, Xfinity.com
280, Doubleclick.net
281, Douyu.com
282, Icicibank.com
283, Onedio.com
284, Google.ch
285, Webtretho.com
286, Caijing.com.cn
287, Usps.com
288, Citi.com
289, Loading-delivery2.com
290, Yesky.com
291, Google.pt
292, Wp.pl
293, T-online.de
294, Chaturbate.com
295, Google.cl
296, Mercadolivre.com.br
297, Blog.jp
298, Ltn.com.tw
299, Speedtest.net
300, Giphy.com
301, Ups.com
302, Amazon.es
303, Adexc.net
304, Google.cz
305, Files.wordpress.com
306, Mama.cn
307, Google.ae
308, About.com
309, 1905.com
310, Irctc.co.in
311, 2ch.net
312, 1688.com
313, Messenger.com
314, Pandora.com
315, Zendesk.com
316, Abs-cbn.com
317, Google.co.il
318, Archive.org
319, Eksisozluk.com
320, Goodreads.com
321, 51yes.com
322, Tokopedia.com
323, Ndtv.com
324, Softonic.com
325, Rediff.com
326, 39.net
327, Cnnic.cn
328, Livejasmin.com
329, Ebay-kleinanzeigen.de
330, Themeforest.net
331, Icloud.com
332, Accuweather.com
333, Battle.net
334, Google.hu
335, Media.tumblr.com
336, Seznam.cz
337, Oracle.com
338, Slickdeals.net
339, Google.ie
340, Sourceforge.net
341, Reimageplus.com
342, Doorblog.jp
343, Enet.com.cn
344, Fedex.com
345, Pinimg.com
346, Imzog.com
347, Csdn.net
348, Hp.com
349, Att.com
350, Businessinsider.com
351, Sberbank.ru
352, Rdsa2013.com
353, Wittyfeed.com
354, Slither.io
355, Airbnb.com
356, Usatoday.com
357, Samsung.com
358, Wordreference.com
359, Evernote.com
360, Kaskus.co.id
361, Bloomberg.com
362, Hurriyet.com.tr
363, Repubblica.it
364, Youtube-mp3.org
365, Digikala.com
366, Weebly.com
367, Rambler.ru
368, Viralthread.com
369, Mlb.com
370, Hulu.com
371, Medium.com
372, Kompas.com
373, Gsmarena.com
374, Badoo.com
375, Secureserver.net
376, Dell.com
377, Gizmodo.com
378, Webmd.com
379, Google.az
380, Lowes.com
381, Mailchimp.com
382, Blogspot.com.br
383, Ign.com
384, Savefrom.net
385, Addthis.com
386, Spiegel.de
387, Mbc.net
388, Verizonwireless.com
389, Urdupoint.com
390, Sabah.com.tr
391, Wetransfer.com
392, Sharepoint.com
393, Rt.com
394, Upwork.com
395, Nyaa.se
396, Eastday.com
397, Liputan6.com
398, Atlassian.net
399, Google.no
400, Daikynguyenvn.com
401, Blkget.com
402, Wsj.com
403, Tube8.com
404, Milliyet.com.tr
405, Kinopoisk.ru
406, Naukri.com
407, Billdesk.com
408, Independent.co.uk
409, Google.fi
410, Kinogo.co
411, Expedia.com
412, Freepik.com
413, Intuit.com
414, Elpais.com
415, Taleo.net
416, Bild.de
417, Kissanime.to
418, Reuters.com
419, Clickadu.com
420, Sahibinden.com
421, Dmm.com
422, Livedoor.biz
423, Likes.com
424, Ouo.io
425, Thesaurus.com
426, Fiverr.com
427, Zoho.com
428, K618.cn
429, Hatena.ne.jp
430, Google.sk
431, Macys.com
432, Openload.co
433, Gearbest.com
434, Friv.com
435, Livedoor.com
436, Ebay.in
437, Shopify.com
438, Amazon.ca
439, Box.com
440, Asos.com
441, Answers.com
442, Ask.fm
443, Kickstarter.com
444, Google.dk
445, Marca.com
446, Rutracker.org
447, Xe.com
448, Libero.it
449, Nownews.com
450, Ancestry.com
451, Avg.com
452, Adplxmd.com
453, 17ok.com
454, Telegram.org
455, Mashable.com
456, Doublepimp.com
457, Scribd.com
458, Hatenablog.com
459, Rednet.cn
460, Ontests.me
461, Ck101.com
462, Goal.com
463, Conservativetribune.com
464, Uefa.com
465, Cloudfront.net
466, Zippyshare.com
467, Newegg.com
468, Albawabhnews.com
469, Thesportbible.com
470, Tabelog.com
471, Videomega.tv
472, Haber7.com
473, Behance.net
474, List-manage.com
475, Infusionsoft.com
476, Blogfa.com
477, Extratorrent.cc
478, Impress.co.jp
479, Exoclick.com
480, Nbcnews.com
481, Ebay.it
482, Hootsuite.com
483, Suning.com
484, Sh.st
485, Lifehacker.com
486, Jabong.com
487, Fidelity.com
488, Playstation.com
489, Acfun.tv
490, Engadget.com
491, Realtor.com
492, Cnblogs.com
493, Gamefaqs.com
494, Moneycontrol.com
495, Siteadvisor.com
496, Asana.com
497, Olx.pl
498, Zomato.com
499, Reddituploads.com
500, Abcnews.go.com
